year,disease_class,cases_thousands,rate_per_1000
2019,Некоторые инфекционные и паразитарные болезни,3902,26.4
2019,Новообразования,1744,11.8
2019,Болезни крови и кроветворных органов,613,4.1
2019,Болезни эндокринной системы,5812,39.3
2019,Болезни нервной системы,4120,27.8
2019,Болезни глаза и его придаточного аппарата,3456,23.4
2019,Болезни уха и сосцевидного отростка,2890,19.5
2019,Болезни системы кровообращения,18540,125.3
2019,Болезни органов дыхания,48920,330.6
2019,Болезни органов пищеварения,9870,66.7
2019,Болезни кожи и подкожной клетчатки,5120,34.6
2019,Болезни костно-мышечной системы,10240,69.2
2019,Болезни мочеполовой системы,8760,59.2
2019,Врождённые аномалии,980,6.6
2019,Травмы и отравления,12450,84.1
2020,Некоторые инфекционные и паразитарные болезни,2999,20.3
2020,Новообразования,1440,9.7
2020,Болезни крови и кроветворных органов,480,3.2
2020,Болезни эндокринной системы,5420,36.7
2020,Болезни нервной системы,3980,26.9
2020,Болезни глаза и его придаточного аппарата,3210,21.7
2020,Болезни уха и сосцевидного отростка,2650,17.9
2020,Болезни системы кровообращения,17280,116.9
2020,Болезни органов дыхания,45210,305.9
2020,Болезни органов пищеварения,9120,61.7
2020,Болезни кожи и подкожной клетчатки,4780,32.3
2020,Болезни костно-мышечной системы,9650,65.3
2020,Болезни мочеполовой системы,8210,55.5
2020,Врождённые аномалии,910,6.2
2020,Травмы и отравления,11280,76.3
2020,COVID-19,4967,33.6
2021,Некоторые инфекционные и паразитарные болезни,3115,21.2
2021,Новообразования,1484,10.1
2021,Болезни крови и кроветворных органов,514,3.5
2021,Болезни эндокринной системы,5680,38.6
2021,Болезни нервной системы,4210,28.6
2021,Болезни глаза и его придаточного аппарата,3380,23.0
2021,Болезни уха и сосцевидного отростка,2780,18.9
2021,Болезни системы кровообращения,18120,123.1
2021,Болезни органов дыхания,51240,348.2
2021,Болезни органов пищеварения,9450,64.2
2021,Болезни кожи и подкожной клетчатки,4950,33.6
2021,Болезни костно-мышечной системы,10120,68.8
2021,Болезни мочеполовой системы,8540,58.0
2021,Врождённые аномалии,940,6.4
2021,Травмы и отравления,11890,80.8
2021,COVID-19,11819,80.3
2022,Некоторые инфекционные и паразитарные болезни,3324,22.7
2022,Новообразования,1594,10.9
2022,Болезни крови и кроветворных органов,540,3.7
2022,Болезни эндокринной системы,6120,41.7
2022,Болезни нервной системы,4450,30.3
2022,Болезни глаза и его придаточного аппарата,3520,24.0
2022,Болезни уха и сосцевидного отростка,2910,19.8
2022,Болезни системы кровообращения,19280,131.4
2022,Болезни органов дыхания,54890,374.1
2022,Болезни органов пищеварения,9780,66.6
2022,Болезни кожи и подкожной клетчатки,5210,35.5
2022,Болезни костно-мышечной системы,10580,72.1
2022,Болезни мочеполовой системы,8890,60.6
2022,Врождённые аномалии,970,6.6
2022,Травмы и отравления,12340,84.1
2022,COVID-19,12549,85.5
2023,Некоторые инфекционные и паразитарные болезни,3433,23.5
2023,Новообразования,1712,11.7
2023,Болезни крови и кроветворных органов,557,3.8
2023,Болезни эндокринной системы,6480,44.3
2023,Болезни нервной системы,4680,32.0
2023,Болезни глаза и его придаточного аппарата,3650,24.9
2023,Болезни уха и сосцевидного отростка,3020,20.6
2023,Болезни системы кровообращения,20450,139.7
2023,Болезни органов дыхания,52180,356.5
2023,Болезни органов пищеварения,10120,69.1
2023,Болезни кожи и подкожной клетчатки,5380,36.7
2023,Болезни костно-мышечной системы,10980,75.0
2023,Болезни мочеполовой системы,9120,62.3
2023,Врождённые аномалии,990,6.8
2023,Травмы и отравления,12780,87.3
2023,COVID-19,2230,15.2
2024,Некоторые инфекционные и паразитарные болезни,3587,24.5
2024,Новообразования,1755,12.0
2024,Болезни крови и кроветворных органов,582,4.0
2024,Болезни эндокринной системы,6850,46.8
2024,Болезни нервной системы,4890,33.4
2024,Болезни глаза и его придаточного аппарата,3780,25.8
2024,Болезни уха и сосцевидного отростка,3150,21.5
2024,Болезни системы кровообращения,21580,147.5
2024,Болезни органов дыхания,51240,350.2
2024,Болезни органов пищеварения,10450,71.4
2024,Болезни кожи и подкожной клетчатки,5520,37.7
2024,Болезни костно-мышечной системы,11320,77.3
2024,Болезни мочеполовой системы,9350,63.9
2024,Врождённые аномалии,1010,6.9
2024,Травмы и отравления,13120,89.6
2024,COVID-19,1126,7.7
